images,class
fold_hard/images/07635.png,hard
fold_hard/images/01338.png,hard
fold_hard/images/01522.png,hard
fold_hard/images/00295.png,hard
fold_hard/images/00513.png,hard
fold_hard/images/05539.png,hard
fold_hard/images/05534.png,hard
fold_hard/images/03971.png,hard
fold_hard/images/02137.png,hard
fold_hard/images/01900.png,hard
fold_hard/images/05828.png,hard
fold_hard/images/06085.png,hard
fold_hard/images/05546.png,hard
fold_hard/images/00603.png,hard
fold_hard/images/00374.png,hard
fold_hard/images/00733.png,hard
fold_hard/images/03575.png,hard
fold_hard/images/06293.png,hard
fold_hard/images/05549.png,hard
fold_hard/images/06646.png,hard
